file,line,type,commit,author,date,time,timezone,datetime,depth,length
style.css,1,css,b7117a09,dodozai11,2026-04-03,21:03:52,-07:00,2026-04-03T21:03:52-07:00,0,4
style.css,2,css,b7117a09,dodozai11,2026-04-03,21:03:52,-07:00,2026-04-03T21:03:52-07:00,1,23
style.css,3,css,bbf958bf,dodozai11,2026-04-10,21:28:15,-07:00,2026-04-10T21:28:15-07:00,1,15
style.css,4,css,bbf958bf,dodozai11,2026-04-10,21:28:15,-07:00,2026-04-10T21:28:15-07:00,1,18
style.css,5,css,bbf958bf,dodozai11,2026-04-10,21:28:15,-07:00,2026-04-10T21:28:15-07:00,1,18
style.css,6,css,bbf958bf,dodozai11,2026-04-10,21:28:15,-07:00,2026-04-10T21:28:15-07:00,0,0
style.css,7,css,bbf958bf,dodozai11,2026-04-10,21:28:15,-07:00,2026-04-10T21:28:15-07:00,0,0
style.css,8,css,bbf958bf,dodozai11,2026-04-10,21:28:15,-07:00,2026-04-10T21:28:15-07:00,0,3
style.css,9,css,c09eb852,dodozai11,2026-05-01,22:25:54,-07:00,2026-05-01T22:25:54-07:00,1,39
style.css,10,css,bbf958bf,dodozai11,2026-04-10,21:28:15,-07:00,2026-04-10T21:28:15-07:00,1,12
style.css,11,css,bbf958bf,dodozai11,2026-04-10,21:28:15,-07:00,2026-04-10T21:28:15-07:00,1,17
style.css,12,css,bbf958bf,dodozai11,2026-04-10,21:28:15,-07:00,2026-04-10T21:28:15-07:00,1,41
style.css,13,css,c09eb852,dodozai11,2026-05-01,22:25:54,-07:00,2026-05-01T22:25:54-07:00,1,39
style.css,14,css,bbf958bf,dodozai11,2026-04-10,21:28:15,-07:00,2026-04-10T21:28:15-07:00,0,0
style.css,15,css,bbf958bf,dodozai11,2026-04-10,21:28:15,-07:00,2026-04-10T21:28:15-07:00,0,0
style.css,16,css,bbf958bf,dodozai11,2026-04-10,21:28:15,-07:00,2026-04-10T21:28:15-07:00,0,5
style.css,17,css,bbf958bf,dodozai11,2026-04-10,21:28:15,-07:00,2026-04-10T21:28:15-07:00,1,6
style.css,18,css,bbf958bf,dodozai11,2026-04-10,21:28:15,-07:00,2026-04-10T21:28:15-07:00,1,20
style.css,19,css,bbf958bf,dodozai11,2026-04-10,21:28:15,-07:00,2026-04-10T21:28:15-07:00,1,13
style.css,20,css,bbf958bf,dodozai11,2026-04-10,21:28:15,-07:00,2026-04-10T21:28:15-07:00,1,17
style.css,21,css,bbf958bf,dodozai11,2026-04-10,21:28:15,-07:00,2026-04-10T21:28:15-07:00,1,13
style.css,22,css,bbf958bf,dodozai11,2026-04-10,21:28:15,-07:00,2026-04-10T21:28:15-07:00,0,0
style.css,23,css,bbf958bf,dodozai11,2026-04-10,21:28:15,-07:00,2026-04-10T21:28:15-07:00,0,0
style.css,24,css,bbf958bf,dodozai11,2026-04-10,21:28:15,-07:00,2026-04-10T21:28:15-07:00,0,13
style.css,25,css,bbf958bf,dodozai11,2026-04-10,21:28:15,-07:00,2026-04-10T21:28:15-07:00,1,43
style.css,26,css,c09eb852,dodozai11,2026-05-01,22:25:54,-07:00,2026-05-01T22:25:54-07:00,1,39
style.css,27,css,bbf958bf,dodozai11,2026-04-10,21:28:15,-07:00,2026-04-10T21:28:15-07:00,1,20
style.css,28,css,bbf958bf,dodozai11,2026-04-10,21:28:15,-07:00,2026-04-10T21:28:15-07:00,0,0
style.css,29,css,bbf958bf,dodozai11,2026-04-10,21:28:15,-07:00,2026-04-10T21:28:15-07:00,0,0
style.css,30,css,bbf958bf,dodozai11,2026-04-10,21:28:15,-07:00,2026-04-10T21:28:15-07:00,0,4
style.css,31,css,bbf958bf,dodozai11,2026-04-10,21:28:15,-07:00,2026-04-10T21:28:15-07:00,1,31
style.css,32,css,bbf958bf,dodozai11,2026-04-10,21:28:15,-07:00,2026-04-10T21:28:15-07:00,1,32
style.css,33,css,c09eb852,dodozai11,2026-05-01,22:25:54,-07:00,2026-05-01T22:25:54-07:00,1,23
style.css,34,css,bbf958bf,dodozai11,2026-04-10,21:28:15,-07:00,2026-04-10T21:28:15-07:00,0,0
style.css,35,css,bbf958bf,dodozai11,2026-04-10,21:28:15,-07:00,2026-04-10T21:28:15-07:00,0,0
style.css,36,css,bbf958bf,dodozai11,2026-04-10,21:28:15,-07:00,2026-04-10T21:28:15-07:00,0,11
style.css,37,css,bbf958bf,dodozai11,2026-04-10,21:28:15,-07:00,2026-04-10T21:28:15-07:00,1,45
style.css,38,css,bbf958bf,dodozai11,2026-04-10,21:28:15,-07:00,2026-04-10T21:28:15-07:00,1,20
style.css,39,css,6565b2d0,dodozai11,2026-04-17,22:28:50,-07:00,2026-04-17T22:28:50-07:00,1,69
style.css,40,css,bbf958bf,dodozai11,2026-04-10,21:28:15,-07:00,2026-04-10T21:28:15-07:00,0,0
style.css,41,css,c09eb852,dodozai11,2026-05-01,22:25:54,-07:00,2026-05-01T22:25:54-07:00,0,0
style.css,42,css,c09eb852,dodozai11,2026-05-01,22:25:54,-07:00,2026-05-01T22:25:54-07:00,0,31
style.css,43,css,bbf958bf,dodozai11,2026-04-10,21:28:15,-07:00,2026-04-10T21:28:15-07:00,1,12
style.css,44,css,bbf958bf,dodozai11,2026-04-10,21:28:15,-07:00,2026-04-10T21:28:15-07:00,0,0
style.css,45,css,bbf958bf,dodozai11,2026-04-10,21:28:15,-07:00,2026-04-10T21:28:15-07:00,0,0
style.css,46,css,bbf958bf,dodozai11,2026-04-10,21:28:15,-07:00,2026-04-10T21:28:15-07:00,0,4
style.css,47,css,bbf958bf,dodozai11,2026-04-10,21:28:15,-07:00,2026-04-10T21:28:15-07:00,1,12
style.css,48,css,bbf958bf,dodozai11,2026-04-10,21:28:15,-07:00,2026-04-10T21:28:15-07:00,1,30
style.css,49,css,bbf958bf,dodozai11,2026-04-10,21:28:15,-07:00,2026-04-10T21:28:15-07:00,1,7
style.css,50,css,bbf958bf,dodozai11,2026-04-10,21:28:15,-07:00,2026-04-10T21:28:15-07:00,0,0
style.css,51,css,bbf958bf,dodozai11,2026-04-10,21:28:15,-07:00,2026-04-10T21:28:15-07:00,0,0
style.css,52,css,bbf958bf,dodozai11,2026-04-10,21:28:15,-07:00,2026-04-10T21:28:15-07:00,0,10
style.css,53,css,bbf958bf,dodozai11,2026-04-10,21:28:15,-07:00,2026-04-10T21:28:15-07:00,1,12
style.css,54,css,bbf958bf,dodozai11,2026-04-10,21:28:15,-07:00,2026-04-10T21:28:15-07:00,1,29
style.css,55,css,bbf958bf,dodozai11,2026-04-10,21:28:15,-07:00,2026-04-10T21:28:15-07:00,1,18
style.css,56,css,bbf958bf,dodozai11,2026-04-10,21:28:15,-07:00,2026-04-10T21:28:15-07:00,0,0
style.css,57,css,bbf958bf,dodozai11,2026-04-10,21:28:15,-07:00,2026-04-10T21:28:15-07:00,0,0
style.css,58,css,bbf958bf,dodozai11,2026-04-10,21:28:15,-07:00,2026-04-10T21:28:15-07:00,0,11
style.css,59,css,bbf958bf,dodozai11,2026-04-10,21:28:15,-07:00,2026-04-10T21:28:15-07:00,1,18
style.css,60,css,bbf958bf,dodozai11,2026-04-10,21:28:15,-07:00,2026-04-10T21:28:15-07:00,0,0
style.css,61,css,bbf958bf,dodozai11,2026-04-10,21:28:15,-07:00,2026-04-10T21:28:15-07:00,0,0
style.css,62,css,bbf958bf,dodozai11,2026-04-10,21:28:15,-07:00,2026-04-10T21:28:15-07:00,0,9
style.css,63,css,bbf958bf,dodozai11,2026-04-10,21:28:15,-07:00,2026-04-10T21:28:15-07:00,1,12
style.css,64,css,bbf958bf,dodozai11,2026-04-10,21:28:15,-07:00,2026-04-10T21:28:15-07:00,1,58
style.css,65,css,bbf958bf,dodozai11,2026-04-10,21:28:15,-07:00,2026-04-10T21:28:15-07:00,1,7
style.css,66,css,bbf958bf,dodozai11,2026-04-10,21:28:15,-07:00,2026-04-10T21:28:15-07:00,0,0
style.css,67,css,bbf958bf,dodozai11,2026-04-10,21:28:15,-07:00,2026-04-10T21:28:15-07:00,0,0
style.css,68,css,bbf958bf,dodozai11,2026-04-10,21:28:15,-07:00,2026-04-10T21:28:15-07:00,0,17
style.css,69,css,bbf958bf,dodozai11,2026-04-10,21:28:15,-07:00,2026-04-10T21:28:15-07:00,1,12
style.css,70,css,bbf958bf,dodozai11,2026-04-10,21:28:15,-07:00,2026-04-10T21:28:15-07:00,1,26
style.css,71,css,bbf958bf,dodozai11,2026-04-10,21:28:15,-07:00,2026-04-10T21:28:15-07:00,1,15
style.css,72,css,bbf958bf,dodozai11,2026-04-10,21:28:15,-07:00,2026-04-10T21:28:15-07:00,1,8
style.css,73,css,bbf958bf,dodozai11,2026-04-10,21:28:15,-07:00,2026-04-10T21:28:15-07:00,0,0
style.css,74,css,bbf958bf,dodozai11,2026-04-10,21:28:15,-07:00,2026-04-10T21:28:15-07:00,0,0
style.css,75,css,bbf958bf,dodozai11,2026-04-10,21:28:15,-07:00,2026-04-10T21:28:15-07:00,0,20
style.css,76,css,bbf958bf,dodozai11,2026-04-10,21:28:15,-07:00,2026-04-10T21:28:15-07:00,1,8
style.css,77,css,bbf958bf,dodozai11,2026-04-10,21:28:15,-07:00,2026-04-10T21:28:15-07:00,0,0
style.css,78,css,bbf958bf,dodozai11,2026-04-10,21:28:15,-07:00,2026-04-10T21:28:15-07:00,0,0
style.css,79,css,bbf958bf,dodozai11,2026-04-10,21:28:15,-07:00,2026-04-10T21:28:15-07:00,0,2
style.css,80,css,bbf958bf,dodozai11,2026-04-10,21:28:15,-07:00,2026-04-10T21:28:15-07:00,1,14
style.css,81,css,bbf958bf,dodozai11,2026-04-10,21:28:15,-07:00,2026-04-10T21:28:15-07:00,0,0
style.css,82,css,bbf958bf,dodozai11,2026-04-10,21:28:15,-07:00,2026-04-10T21:28:15-07:00,0,0
style.css,83,css,bbf958bf,dodozai11,2026-04-10,21:28:15,-07:00,2026-04-10T21:28:15-07:00,0,22
style.css,84,css,bbf958bf,dodozai11,2026-04-10,21:28:15,-07:00,2026-04-10T21:28:15-07:00,1,15
style.css,85,css,bbf958bf,dodozai11,2026-04-10,21:28:15,-07:00,2026-04-10T21:28:15-07:00,1,17
style.css,86,css,bbf958bf,dodozai11,2026-04-10,21:28:15,-07:00,2026-04-10T21:28:15-07:00,0,0
style.css,87,css,bbf958bf,dodozai11,2026-04-10,21:28:15,-07:00,2026-04-10T21:28:15-07:00,0,0
style.css,88,css,bbf958bf,dodozai11,2026-04-10,21:28:15,-07:00,2026-04-10T21:28:15-07:00,0,15
style.css,89,css,bbf958bf,dodozai11,2026-04-10,21:28:15,-07:00,2026-04-10T21:28:15-07:00,0,7
style.css,90,css,bbf958bf,dodozai11,2026-04-10,21:28:15,-07:00,2026-04-10T21:28:15-07:00,1,16
style.css,91,css,bbf958bf,dodozai11,2026-04-10,21:28:15,-07:00,2026-04-10T21:28:15-07:00,1,41
style.css,92,css,bbf958bf,dodozai11,2026-04-10,21:28:15,-07:00,2026-04-10T21:28:15-07:00,1,18
style.css,93,css,bbf958bf,dodozai11,2026-04-10,21:28:15,-07:00,2026-04-10T21:28:15-07:00,0,0
style.css,94,css,bbf958bf,dodozai11,2026-04-10,21:28:15,-07:00,2026-04-10T21:28:15-07:00,0,0
style.css,95,css,bbf958bf,dodozai11,2026-04-10,21:28:15,-07:00,2026-04-10T21:28:15-07:00,0,10
style.css,96,css,bbf958bf,dodozai11,2026-04-10,21:28:15,-07:00,2026-04-10T21:28:15-07:00,1,25
style.css,97,css,bbf958bf,dodozai11,2026-04-10,21:28:15,-07:00,2026-04-10T21:28:15-07:00,0,0
style.css,98,css,bbf958bf,dodozai11,2026-04-10,21:28:15,-07:00,2026-04-10T21:28:15-07:00,0,0
style.css,99,css,bbf958bf,dodozai11,2026-04-10,21:28:15,-07:00,2026-04-10T21:28:15-07:00,0,15
style.css,100,css,bbf958bf,dodozai11,2026-04-10,21:28:15,-07:00,2026-04-10T21:28:15-07:00,0,7
style.css,101,css,bbf958bf,dodozai11,2026-04-10,21:28:15,-07:00,2026-04-10T21:28:15-07:00,1,16
style.css,102,css,bbf958bf,dodozai11,2026-04-10,21:28:15,-07:00,2026-04-10T21:28:15-07:00,1,16
style.css,103,css,bbf958bf,dodozai11,2026-04-10,21:28:15,-07:00,2026-04-10T21:28:15-07:00,1,41
style.css,104,css,bbf958bf,dodozai11,2026-04-10,21:28:15,-07:00,2026-04-10T21:28:15-07:00,0,0
style.css,105,css,bbf958bf,dodozai11,2026-04-10,21:28:15,-07:00,2026-04-10T21:28:15-07:00,0,0
style.css,106,css,bbf958bf,dodozai11,2026-04-10,21:28:15,-07:00,2026-04-10T21:28:15-07:00,0,14
style.css,107,css,bbf958bf,dodozai11,2026-04-10,21:28:15,-07:00,2026-04-10T21:28:15-07:00,1,12
style.css,108,css,bbf958bf,dodozai11,2026-04-10,21:28:15,-07:00,2026-04-10T21:28:15-07:00,1,29
style.css,109,css,bbf958bf,dodozai11,2026-04-10,21:28:15,-07:00,2026-04-10T21:28:15-07:00,1,20
style.css,110,css,bbf958bf,dodozai11,2026-04-10,21:28:15,-07:00,2026-04-10T21:28:15-07:00,0,0
style.css,111,css,bbf958bf,dodozai11,2026-04-10,21:28:15,-07:00,2026-04-10T21:28:15-07:00,0,0
style.css,112,css,bbf958bf,dodozai11,2026-04-10,21:28:15,-07:00,2026-04-10T21:28:15-07:00,0,16
style.css,113,css,bbf958bf,dodozai11,2026-04-10,21:28:15,-07:00,2026-04-10T21:28:15-07:00,1,36
style.css,114,css,bbf958bf,dodozai11,2026-04-10,21:28:15,-07:00,2026-04-10T21:28:15-07:00,1,17
style.css,115,css,bbf958bf,dodozai11,2026-04-10,21:28:15,-07:00,2026-04-10T21:28:15-07:00,0,0
style.css,116,css,bbf958bf,dodozai11,2026-04-10,21:28:15,-07:00,2026-04-10T21:28:15-07:00,0,0
style.css,117,css,bbf958bf,dodozai11,2026-04-10,21:28:15,-07:00,2026-04-10T21:28:15-07:00,0,4
style.css,118,css,bbf958bf,dodozai11,2026-04-10,21:28:15,-07:00,2026-04-10T21:28:15-07:00,1,23
style.css,119,css,bbf958bf,dodozai11,2026-04-10,21:28:15,-07:00,2026-04-10T21:28:15-07:00,1,15
style.css,120,css,6565b2d0,dodozai11,2026-04-17,22:28:50,-07:00,2026-04-17T22:28:50-07:00,0,0
style.css,121,css,6565b2d0,dodozai11,2026-04-17,22:28:50,-07:00,2026-04-17T22:28:50-07:00,0,0
style.css,122,css,6565b2d0,dodozai11,2026-04-17,22:28:50,-07:00,2026-04-17T22:28:50-07:00,0,13
style.css,123,css,6565b2d0,dodozai11,2026-04-17,22:28:50,-07:00,2026-04-17T22:28:50-07:00,1,17
style.css,124,css,6565b2d0,dodozai11,2026-04-17,22:28:50,-07:00,2026-04-17T22:28:50-07:00,1,8
style.css,125,css,6565b2d0,dodozai11,2026-04-17,22:28:50,-07:00,2026-04-17T22:28:50-07:00,1,10
style.css,126,css,6565b2d0,dodozai11,2026-04-17,22:28:50,-07:00,2026-04-17T22:28:50-07:00,1,13
style.css,127,css,6565b2d0,dodozai11,2026-04-17,22:28:50,-07:00,2026-04-17T22:28:50-07:00,1,19
style.css,128,css,6565b2d0,dodozai11,2026-04-17,22:28:50,-07:00,2026-04-17T22:28:50-07:00,0,0
style.css,129,css,6565b2d0,dodozai11,2026-04-17,22:28:50,-07:00,2026-04-17T22:28:50-07:00,0,0
style.css,130,css,1a819030,dodozai11,2026-04-25,17:34:05,-07:00,2026-04-25T17:34:05-07:00,0,17
style.css,131,css,1a819030,dodozai11,2026-04-25,17:34:05,-07:00,2026-04-25T17:34:05-07:00,1,19
style.css,132,css,1a819030,dodozai11,2026-04-25,17:34:05,-07:00,2026-04-25T17:34:05-07:00,0,0
style.css,133,css,1a819030,dodozai11,2026-04-25,17:34:05,-07:00,2026-04-25T17:34:05-07:00,0,0
style.css,134,css,1a819030,dodozai11,2026-04-25,17:34:05,-07:00,2026-04-25T17:34:05-07:00,0,17
style.css,135,css,1a819030,dodozai11,2026-04-25,17:34:05,-07:00,2026-04-25T17:34:05-07:00,1,12
style.css,136,css,1a819030,dodozai11,2026-04-25,17:34:05,-07:00,2026-04-25T17:34:05-07:00,1,36
style.css,137,css,1a819030,dodozai11,2026-04-25,17:34:05,-07:00,2026-04-25T17:34:05-07:00,0,0
style.css,138,css,1a819030,dodozai11,2026-04-25,17:34:05,-07:00,2026-04-25T17:34:05-07:00,0,0
style.css,139,css,1a819030,dodozai11,2026-04-25,17:34:05,-07:00,2026-04-25T17:34:05-07:00,0,17
style.css,140,css,1a819030,dodozai11,2026-04-25,17:34:05,-07:00,2026-04-25T17:34:05-07:00,1,10
style.css,141,css,1a819030,dodozai11,2026-04-25,17:34:05,-07:00,2026-04-25T17:34:05-07:00,1,15
style.css,142,css,1a819030,dodozai11,2026-04-25,17:34:05,-07:00,2026-04-25T17:34:05-07:00,1,24
style.css,143,css,1a819030,dodozai11,2026-04-25,17:34:05,-07:00,2026-04-25T17:34:05-07:00,1,23
style.css,144,css,1a819030,dodozai11,2026-04-25,17:34:05,-07:00,2026-04-25T17:34:05-07:00,0,0
style.css,145,css,1a819030,dodozai11,2026-04-25,17:34:05,-07:00,2026-04-25T17:34:05-07:00,0,0
style.css,146,css,1a819030,dodozai11,2026-04-25,17:34:05,-07:00,2026-04-25T17:34:05-07:00,0,17
style.css,147,css,1a819030,dodozai11,2026-04-25,17:34:05,-07:00,2026-04-25T17:34:05-07:00,1,10
style.css,148,css,1a819030,dodozai11,2026-04-25,17:34:05,-07:00,2026-04-25T17:34:05-07:00,1,13
style.css,149,css,1a819030,dodozai11,2026-04-25,17:34:05,-07:00,2026-04-25T17:34:05-07:00,1,8
style.css,150,css,c09eb852,dodozai11,2026-05-01,22:25:54,-07:00,2026-05-01T22:25:54-07:00,0,0
style.css,151,css,c09eb852,dodozai11,2026-05-01,22:25:54,-07:00,2026-05-01T22:25:54-07:00,0,0
style.css,152,css,c09eb852,dodozai11,2026-05-01,22:25:54,-07:00,2026-05-01T22:25:54-07:00,0,13
style.css,153,css,c09eb852,dodozai11,2026-05-01,22:25:54,-07:00,2026-05-01T22:25:54-07:00,1,23
style.css,154,css,c09eb852,dodozai11,2026-05-01,22:25:54,-07:00,2026-05-01T22:25:54-07:00,1,15
style.css,155,css,c09eb852,dodozai11,2026-05-01,22:25:54,-07:00,2026-05-01T22:25:54-07:00,1,17
style.css,156,css,c09eb852,dodozai11,2026-05-01,22:25:54,-07:00,2026-05-01T22:25:54-07:00,0,0
style.css,157,css,c09eb852,dodozai11,2026-05-01,22:25:54,-07:00,2026-05-01T22:25:54-07:00,0,0
style.css,158,css,c09eb852,dodozai11,2026-05-01,22:25:54,-07:00,2026-05-01T22:25:54-07:00,0,18
style.css,159,css,c09eb852,dodozai11,2026-05-01,22:25:54,-07:00,2026-05-01T22:25:54-07:00,1,14
style.css,160,css,c09eb852,dodozai11,2026-05-01,22:25:54,-07:00,2026-05-01T22:25:54-07:00,1,16
style.css,161,css,c09eb852,dodozai11,2026-05-01,22:25:54,-07:00,2026-05-01T22:25:54-07:00,1,16
style.css,162,css,c09eb852,dodozai11,2026-05-01,22:25:54,-07:00,2026-05-01T22:25:54-07:00,1,13
style.css,163,css,c09eb852,dodozai11,2026-05-01,22:25:54,-07:00,2026-05-01T22:25:54-07:00,0,0
style.css,164,css,c09eb852,dodozai11,2026-05-01,22:25:54,-07:00,2026-05-01T22:25:54-07:00,0,0
style.css,165,css,c09eb852,dodozai11,2026-05-01,22:25:54,-07:00,2026-05-01T22:25:54-07:00,0,7
style.css,166,css,c09eb852,dodozai11,2026-05-01,22:25:54,-07:00,2026-05-01T22:25:54-07:00,1,12
style.css,167,css,c09eb852,dodozai11,2026-05-01,22:25:54,-07:00,2026-05-01T22:25:54-07:00,1,57
style.css,168,css,c09eb852,dodozai11,2026-05-01,22:25:54,-07:00,2026-05-01T22:25:54-07:00,1,7
style.css,169,css,c09eb852,dodozai11,2026-05-01,22:25:54,-07:00,2026-05-01T22:25:54-07:00,1,11
style.css,170,css,c09eb852,dodozai11,2026-05-01,22:25:54,-07:00,2026-05-01T22:25:54-07:00,1,12
style.css,171,css,c09eb852,dodozai11,2026-05-01,22:25:54,-07:00,2026-05-01T22:25:54-07:00,1,34
style.css,172,css,c09eb852,dodozai11,2026-05-01,22:25:54,-07:00,2026-05-01T22:25:54-07:00,1,15
style.css,173,css,c09eb852,dodozai11,2026-05-01,22:25:54,-07:00,2026-05-01T22:25:54-07:00,0,0
style.css,174,css,c09eb852,dodozai11,2026-05-01,22:25:54,-07:00,2026-05-01T22:25:54-07:00,0,0
style.css,175,css,c09eb852,dodozai11,2026-05-01,22:25:54,-07:00,2026-05-01T22:25:54-07:00,0,12
style.css,176,css,c09eb852,dodozai11,2026-05-01,22:25:54,-07:00,2026-05-01T22:25:54-07:00,1,12
style.css,177,css,c09eb852,dodozai11,2026-05-01,22:25:54,-07:00,2026-05-01T22:25:54-07:00,1,18
style.css,178,css,c09eb852,dodozai11,2026-05-01,22:25:54,-07:00,2026-05-01T22:25:54-07:00,1,9
style.css,179,css,c09eb852,dodozai11,2026-05-01,22:25:54,-07:00,2026-05-01T22:25:54-07:00,0,0
style.css,180,css,c09eb852,dodozai11,2026-05-01,22:25:54,-07:00,2026-05-01T22:25:54-07:00,0,0
style.css,181,css,c09eb852,dodozai11,2026-05-01,22:25:54,-07:00,2026-05-01T22:25:54-07:00,0,7
style.css,182,css,c09eb852,dodozai11,2026-05-01,22:25:54,-07:00,2026-05-01T22:25:54-07:00,1,20
style.css,183,css,c09eb852,dodozai11,2026-05-01,22:25:54,-07:00,2026-05-01T22:25:54-07:00,1,9
style.css,184,css,c09eb852,dodozai11,2026-05-01,22:25:54,-07:00,2026-05-01T22:25:54-07:00,1,10
style.css,185,css,c09eb852,dodozai11,2026-05-01,22:25:54,-07:00,2026-05-01T22:25:54-07:00,1,17
style.css,186,css,c09eb852,dodozai11,2026-05-01,22:25:54,-07:00,2026-05-01T22:25:54-07:00,1,29
style.css,187,css,c09eb852,dodozai11,2026-05-01,22:25:54,-07:00,2026-05-01T22:25:54-07:00,0,0
style.css,188,css,c09eb852,dodozai11,2026-05-01,22:25:54,-07:00,2026-05-01T22:25:54-07:00,0,0
style.css,189,css,c09eb852,dodozai11,2026-05-01,22:25:54,-07:00,2026-05-01T22:25:54-07:00,0,10
style.css,190,css,c09eb852,dodozai11,2026-05-01,22:25:54,-07:00,2026-05-01T22:25:54-07:00,1,12
style.css,191,css,c09eb852,dodozai11,2026-05-01,22:25:54,-07:00,2026-05-01T22:25:54-07:00,1,18
style.css,192,css,c09eb852,dodozai11,2026-05-01,22:25:54,-07:00,2026-05-01T22:25:54-07:00,1,7
style.css,193,css,c09eb852,dodozai11,2026-05-01,22:25:54,-07:00,2026-05-01T22:25:54-07:00,1,10
style.css,194,css,c09eb852,dodozai11,2026-05-01,22:25:54,-07:00,2026-05-01T22:25:54-07:00,0,0
style.css,195,css,c09eb852,dodozai11,2026-05-01,22:25:54,-07:00,2026-05-01T22:25:54-07:00,0,0
style.css,196,css,c09eb852,dodozai11,2026-05-01,22:25:54,-07:00,2026-05-01T22:25:54-07:00,0,18
style.css,197,css,c09eb852,dodozai11,2026-05-01,22:25:54,-07:00,2026-05-01T22:25:54-07:00,1,6
style.css,198,css,c09eb852,dodozai11,2026-05-01,22:25:54,-07:00,2026-05-01T22:25:54-07:00,0,0
style.css,199,css,c09eb852,dodozai11,2026-05-01,22:25:54,-07:00,2026-05-01T22:25:54-07:00,0,0
style.css,200,css,c09eb852,dodozai11,2026-05-01,22:25:54,-07:00,2026-05-01T22:25:54-07:00,0,51
style.css,201,css,c09eb852,dodozai11,2026-05-01,22:25:54,-07:00,2026-05-01T22:25:54-07:00,1,11
style.css,202,css,c09eb852,dodozai11,2026-05-01,22:25:54,-07:00,2026-05-01T22:25:54-07:00,0,0
style.css,203,css,c09eb852,dodozai11,2026-05-01,22:25:54,-07:00,2026-05-01T22:25:54-07:00,0,0
style.css,204,css,c09eb852,dodozai11,2026-05-01,22:25:54,-07:00,2026-05-01T22:25:54-07:00,0,23
style.css,205,css,c09eb852,dodozai11,2026-05-01,22:25:54,-07:00,2026-05-01T22:25:54-07:00,1,16
style.css,206,css,c09eb852,dodozai11,2026-05-01,22:25:54,-07:00,2026-05-01T22:25:54-07:00,1,14
style.css,207,css,c09eb852,dodozai11,2026-05-01,22:25:54,-07:00,2026-05-01T22:25:54-07:00,0,0
style.css,208,css,c09eb852,dodozai11,2026-05-01,22:25:54,-07:00,2026-05-01T22:25:54-07:00,0,0
style.css,209,css,c09eb852,dodozai11,2026-05-01,22:25:54,-07:00,2026-05-01T22:25:54-07:00,0,9
style.css,210,css,c09eb852,dodozai11,2026-05-01,22:25:54,-07:00,2026-05-01T22:25:54-07:00,1,35
style.css,211,css,c09eb852,dodozai11,2026-05-01,22:25:54,-07:00,2026-05-01T22:25:54-07:00,0,0
style.css,212,css,c09eb852,dodozai11,2026-05-01,22:25:54,-07:00,2026-05-01T22:25:54-07:00,0,0
style.css,213,css,c09eb852,dodozai11,2026-05-01,22:25:54,-07:00,2026-05-01T22:25:54-07:00,0,18
style.css,214,css,c09eb852,dodozai11,2026-05-01,22:25:54,-07:00,2026-05-01T22:25:54-07:00,1,17
style.css,215,css,b7117a09,dodozai11,2026-04-03,21:03:52,-07:00,2026-04-03T21:03:52-07:00,0,0
index.js,1,js,1a819030,dodozai11,2026-04-25,17:34:05,-07:00,2026-04-25T17:34:05-07:00,0,71
index.js,2,js,1a819030,dodozai11,2026-04-25,17:34:05,-07:00,2026-04-25T17:34:05-07:00,0,0
index.js,3,js,1a819030,dodozai11,2026-04-25,17:34:05,-07:00,2026-04-25T17:34:05-07:00,0,54
index.js,4,js,1a819030,dodozai11,2026-04-25,17:34:05,-07:00,2026-04-25T17:34:05-07:00,0,42
index.js,5,js,1a819030,dodozai11,2026-04-25,17:34:05,-07:00,2026-04-25T17:34:05-07:00,0,0
index.js,6,js,1a819030,dodozai11,2026-04-25,17:34:05,-07:00,2026-04-25T17:34:05-07:00,0,60
index.js,7,js,1a819030,dodozai11,2026-04-25,17:34:05,-07:00,2026-04-25T17:34:05-07:00,0,54
index.js,8,js,1a819030,dodozai11,2026-04-25,17:34:05,-07:00,2026-04-25T17:34:05-07:00,0,0
index.js,9,js,1a819030,dodozai11,2026-04-25,17:34:05,-07:00,2026-04-25T17:34:05-07:00,0,52
index.js,10,js,1a819030,dodozai11,2026-04-25,17:34:05,-07:00,2026-04-25T17:34:05-07:00,0,0
index.js,11,js,1a819030,dodozai11,2026-04-25,17:34:05,-07:00,2026-04-25T17:34:05-07:00,0,60
index.js,12,js,1a819030,dodozai11,2026-04-25,17:34:05,-07:00,2026-04-25T17:34:05-07:00,0,0
index.js,13,js,1a819030,dodozai11,2026-04-25,17:34:05,-07:00,2026-04-25T17:34:05-07:00,0,17
index.js,14,js,1a819030,dodozai11,2026-04-25,17:34:05,-07:00,2026-04-25T17:34:05-07:00,1,24
index.js,15,js,1a819030,dodozai11,2026-04-25,17:34:05,-07:00,2026-04-25T17:34:05-07:00,2,2
index.js,16,js,1a819030,dodozai11,2026-04-25,17:34:05,-07:00,2026-04-25T17:34:05-07:00,3,55
index.js,17,js,1a819030,dodozai11,2026-04-25,17:34:05,-07:00,2026-04-25T17:34:05-07:00,3,55
index.js,18,js,1a819030,dodozai11,2026-04-25,17:34:05,-07:00,2026-04-25T17:34:05-07:00,3,49
index.js,19,js,1a819030,dodozai11,2026-04-25,17:34:05,-07:00,2026-04-25T17:34:05-07:00,3,49
index.js,20,js,1a819030,dodozai11,2026-04-25,17:34:05,-07:00,2026-04-25T17:34:05-07:00,2,3
index.js,21,js,1a819030,dodozai11,2026-04-25,17:34:05,-07:00,2026-04-25T17:34:05-07:00,1,0
index.js,22,js,1a819030,dodozai11,2026-04-25,17:34:05,-07:00,2026-04-25T17:34:05-07:00,0,0
index.html,1,html,4c8e090c,dodozai11,2026-04-03,19:52:57,-07:00,2026-04-03T19:52:57-07:00,0,13
index.html,2,html,4c8e090c,dodozai11,2026-04-03,19:52:57,-07:00,2026-04-03T19:52:57-07:00,0,14
index.html,3,html,4c8e090c,dodozai11,2026-04-03,19:52:57,-07:00,2026-04-03T19:52:57-07:00,0,4
index.html,4,html,6565b2d0,dodozai11,2026-04-17,22:28:50,-07:00,2026-04-17T22:28:50-07:00,2,45
index.html,5,html,1a819030,dodozai11,2026-04-25,17:34:05,-07:00,2026-04-25T17:34:05-07:00,2,50
index.html,6,html,4c8e090c,dodozai11,2026-04-03,19:52:57,-07:00,2026-04-03T19:52:57-07:00,2,20
index.html,7,html,4c8e090c,dodozai11,2026-04-03,19:52:57,-07:00,2026-04-03T19:52:57-07:00,2,68
index.html,8,html,4c8e090c,dodozai11,2026-04-03,19:52:57,-07:00,2026-04-03T19:52:57-07:00,2,50
index.html,9,html,34428399,dodozai11,2026-04-03,20:33:52,-07:00,2026-04-03T20:33:52-07:00,2,38
index.html,10,html,4c8e090c,dodozai11,2026-04-03,19:52:57,-07:00,2026-04-03T19:52:57-07:00,0,5
index.html,11,html,4c8e090c,dodozai11,2026-04-03,19:52:57,-07:00,2026-04-03T19:52:57-07:00,0,4
index.html,12,html,6565b2d0,dodozai11,2026-04-17,22:28:50,-07:00,2026-04-17T22:28:50-07:00,0,0
index.html,13,html,4c8e090c,dodozai11,2026-04-03,19:52:57,-07:00,2026-04-03T19:52:57-07:00,2,15
index.html,14,html,4c8e090c,dodozai11,2026-04-03,19:52:57,-07:00,2026-04-03T19:52:57-07:00,2,72
index.html,15,html,34428399,dodozai11,2026-04-03,20:33:52,-07:00,2026-04-03T20:33:52-07:00,2,99
index.html,16,html,1a819030,dodozai11,2026-04-25,17:34:05,-07:00,2026-04-25T17:34:05-07:00,2,22
index.html,17,html,1a819030,dodozai11,2026-04-25,17:34:05,-07:00,2026-04-25T17:34:05-07:00,2,20
index.html,18,html,1a819030,dodozai11,2026-04-25,17:34:05,-07:00,2026-04-25T17:34:05-07:00,2,4
index.html,19,html,1a819030,dodozai11,2026-04-25,17:34:05,-07:00,2026-04-25T17:34:05-07:00,2,22
index.html,20,html,1a819030,dodozai11,2026-04-25,17:34:05,-07:00,2026-04-25T17:34:05-07:00,2,4
index.html,21,html,1a819030,dodozai11,2026-04-25,17:34:05,-07:00,2026-04-25T17:34:05-07:00,2,22
index.html,22,html,1a819030,dodozai11,2026-04-25,17:34:05,-07:00,2026-04-25T17:34:05-07:00,2,4
index.html,23,html,1a819030,dodozai11,2026-04-25,17:34:05,-07:00,2026-04-25T17:34:05-07:00,2,22
index.html,24,html,4c8e090c,dodozai11,2026-04-03,19:52:57,-07:00,2026-04-03T19:52:57-07:00,0,5
index.html,25,html,4c8e090c,dodozai11,2026-04-03,19:52:57,-07:00,2026-04-03T19:52:57-07:00,0,5
global.js,1,js,6565b2d0,dodozai11,2026-04-17,22:28:50,-07:00,2026-04-17T22:28:50-07:00,0,25
global.js,2,js,6565b2d0,dodozai11,2026-04-17,22:28:50,-07:00,2026-04-17T22:28:50-07:00,0,0
global.js,3,js,6565b2d0,dodozai11,2026-04-17,22:28:50,-07:00,2026-04-17T22:28:50-07:00,0,41
global.js,4,js,6565b2d0,dodozai11,2026-04-17,22:28:50,-07:00,2026-04-17T22:28:50-07:00,1,52
global.js,5,js,6565b2d0,dodozai11,2026-04-17,22:28:50,-07:00,2026-04-17T22:28:50-07:00,0,0
global.js,6,js,6565b2d0,dodozai11,2026-04-17,22:28:50,-07:00,2026-04-17T22:28:50-07:00,0,0
global.js,7,js,6565b2d0,dodozai11,2026-04-17,22:28:50,-07:00,2026-04-17T22:28:50-07:00,0,88
global.js,8,js,6565b2d0,dodozai11,2026-04-17,22:28:50,-07:00,2026-04-17T22:28:50-07:00,1,3
global.js,9,js,6565b2d0,dodozai11,2026-04-17,22:28:50,-07:00,2026-04-17T22:28:50-07:00,1,31
global.js,10,js,6565b2d0,dodozai11,2026-04-17,22:28:50,-07:00,2026-04-17T22:28:50-07:00,0,0
global.js,11,js,6565b2d0,dodozai11,2026-04-17,22:28:50,-07:00,2026-04-17T22:28:50-07:00,0,11
global.js,12,js,6565b2d0,dodozai11,2026-04-17,22:28:50,-07:00,2026-04-17T22:28:50-07:00,1,25
global.js,13,js,6565b2d0,dodozai11,2026-04-17,22:28:50,-07:00,2026-04-17T22:28:50-07:00,1,38
global.js,14,js,6565b2d0,dodozai11,2026-04-17,22:28:50,-07:00,2026-04-17T22:28:50-07:00,1,36
global.js,15,js,6565b2d0,dodozai11,2026-04-17,22:28:50,-07:00,2026-04-17T22:28:50-07:00,1,26
global.js,16,js,00000000,Not Committed Yet,2026-05-09,18:01:51,-07:00,2026-05-09T18:01:51-07:00,1,30
global.js,17,js,6565b2d0,dodozai11,2026-04-17,22:28:50,-07:00,2026-04-17T22:28:50-07:00,1,55
global.js,18,js,6565b2d0,dodozai11,2026-04-17,22:28:50,-07:00,2026-04-17T22:28:50-07:00,0,0
global.js,19,js,6565b2d0,dodozai11,2026-04-17,22:28:50,-07:00,2026-04-17T22:28:50-07:00,0,0
global.js,20,js,6565b2d0,dodozai11,2026-04-17,22:28:50,-07:00,2026-04-17T22:28:50-07:00,0,38
global.js,21,js,6565b2d0,dodozai11,2026-04-17,22:28:50,-07:00,2026-04-17T22:28:50-07:00,0,25
global.js,22,js,6565b2d0,dodozai11,2026-04-17,22:28:50,-07:00,2026-04-17T22:28:50-07:00,0,0
global.js,23,js,6565b2d0,dodozai11,2026-04-17,22:28:50,-07:00,2026-04-17T22:28:50-07:00,0,20
global.js,24,js,6565b2d0,dodozai11,2026-04-17,22:28:50,-07:00,2026-04-17T22:28:50-07:00,1,14
global.js,25,js,6565b2d0,dodozai11,2026-04-17,22:28:50,-07:00,2026-04-17T22:28:50-07:00,1,18
global.js,26,js,6565b2d0,dodozai11,2026-04-17,22:28:50,-07:00,2026-04-17T22:28:50-07:00,0,0
global.js,27,js,6565b2d0,dodozai11,2026-04-17,22:28:50,-07:00,2026-04-17T22:28:50-07:00,1,28
global.js,28,js,6565b2d0,dodozai11,2026-04-17,22:28:50,-07:00,2026-04-17T22:28:50-07:00,2,20
global.js,29,js,6565b2d0,dodozai11,2026-04-17,22:28:50,-07:00,2026-04-17T22:28:50-07:00,1,0
global.js,30,js,6565b2d0,dodozai11,2026-04-17,22:28:50,-07:00,2026-04-17T22:28:50-07:00,0,0
global.js,31,js,6565b2d0,dodozai11,2026-04-17,22:28:50,-07:00,2026-04-17T22:28:50-07:00,1,34
global.js,32,js,6565b2d0,dodozai11,2026-04-17,22:28:50,-07:00,2026-04-17T22:28:50-07:00,1,11
global.js,33,js,6565b2d0,dodozai11,2026-04-17,22:28:50,-07:00,2026-04-17T22:28:50-07:00,1,20
global.js,34,js,6565b2d0,dodozai11,2026-04-17,22:28:50,-07:00,2026-04-17T22:28:50-07:00,1,12
global.js,35,js,6565b2d0,dodozai11,2026-04-17,22:28:50,-07:00,2026-04-17T22:28:50-07:00,0,0
global.js,36,js,6565b2d0,dodozai11,2026-04-17,22:28:50,-07:00,2026-04-17T22:28:50-07:00,1,17
global.js,37,js,6565b2d0,dodozai11,2026-04-17,22:28:50,-07:00,2026-04-17T22:28:50-07:00,2,8
global.js,38,js,6565b2d0,dodozai11,2026-04-17,22:28:50,-07:00,2026-04-17T22:28:50-07:00,2,59
global.js,39,js,6565b2d0,dodozai11,2026-04-17,22:28:50,-07:00,2026-04-17T22:28:50-07:00,1,0
global.js,40,js,6565b2d0,dodozai11,2026-04-17,22:28:50,-07:00,2026-04-17T22:28:50-07:00,0,0
global.js,41,js,6565b2d0,dodozai11,2026-04-17,22:28:50,-07:00,2026-04-17T22:28:50-07:00,1,29
global.js,42,js,6565b2d0,dodozai11,2026-04-17,22:28:50,-07:00,2026-04-17T22:28:50-07:00,2,18
global.js,43,js,6565b2d0,dodozai11,2026-04-17,22:28:50,-07:00,2026-04-17T22:28:50-07:00,1,0
global.js,44,js,6565b2d0,dodozai11,2026-04-17,22:28:50,-07:00,2026-04-17T22:28:50-07:00,0,0
global.js,45,js,6565b2d0,dodozai11,2026-04-17,22:28:50,-07:00,2026-04-17T22:28:50-07:00,0,0
global.js,46,js,6565b2d0,dodozai11,2026-04-17,22:28:50,-07:00,2026-04-17T22:28:50-07:00,0,31
global.js,47,js,6565b2d0,dodozai11,2026-04-17,22:28:50,-07:00,2026-04-17T22:28:50-07:00,1,11
global.js,48,js,6565b2d0,dodozai11,2026-04-17,22:28:50,-07:00,2026-04-17T22:28:50-07:00,1,27
global.js,49,js,6565b2d0,dodozai11,2026-04-17,22:28:50,-07:00,2026-04-17T22:28:50-07:00,2,4
global.js,50,js,6565b2d0,dodozai11,2026-04-17,22:28:50,-07:00,2026-04-17T22:28:50-07:00,2,6
global.js,51,js,6565b2d0,dodozai11,2026-04-17,22:28:50,-07:00,2026-04-17T22:28:50-07:00,3,43
global.js,52,js,6565b2d0,dodozai11,2026-04-17,22:28:50,-07:00,2026-04-17T22:28:50-07:00,3,34
global.js,53,js,6565b2d0,dodozai11,2026-04-17,22:28:50,-07:00,2026-04-17T22:28:50-07:00,3,32
global.js,54,js,6565b2d0,dodozai11,2026-04-17,22:28:50,-07:00,2026-04-17T22:28:50-07:00,2,7
global.js,55,js,6565b2d0,dodozai11,2026-04-17,22:28:50,-07:00,2026-04-17T22:28:50-07:00,1,8
global.js,56,js,6565b2d0,dodozai11,2026-04-17,22:28:50,-07:00,2026-04-17T22:28:50-07:00,0,0
global.js,57,js,6565b2d0,dodozai11,2026-04-17,22:28:50,-07:00,2026-04-17T22:28:50-07:00,0,0
global.js,58,js,6565b2d0,dodozai11,2026-04-17,22:28:50,-07:00,2026-04-17T22:28:50-07:00,0,58
global.js,59,js,6565b2d0,dodozai11,2026-04-17,22:28:50,-07:00,2026-04-17T22:28:50-07:00,0,0
global.js,60,js,6565b2d0,dodozai11,2026-04-17,22:28:50,-07:00,2026-04-17T22:28:50-07:00,0,36
global.js,61,js,6565b2d0,dodozai11,2026-04-17,22:28:50,-07:00,2026-04-17T22:28:50-07:00,1,70
global.js,62,js,6565b2d0,dodozai11,2026-04-17,22:28:50,-07:00,2026-04-17T22:28:50-07:00,1,25
global.js,63,js,6565b2d0,dodozai11,2026-04-17,22:28:50,-07:00,2026-04-17T22:28:50-07:00,0,0
global.js,64,js,6565b2d0,dodozai11,2026-04-17,22:28:50,-07:00,2026-04-17T22:28:50-07:00,0,0
global.js,65,js,6565b2d0,dodozai11,2026-04-17,22:28:50,-07:00,2026-04-17T22:28:50-07:00,0,34
global.js,66,js,6565b2d0,dodozai11,2026-04-17,22:28:50,-07:00,2026-04-17T22:28:50-07:00,1,39
global.js,67,js,6565b2d0,dodozai11,2026-04-17,22:28:50,-07:00,2026-04-17T22:28:50-07:00,0,0
global.js,68,js,6565b2d0,dodozai11,2026-04-17,22:28:50,-07:00,2026-04-17T22:28:50-07:00,0,0
global.js,69,js,6565b2d0,dodozai11,2026-04-17,22:28:50,-07:00,2026-04-17T22:28:50-07:00,0,49
global.js,70,js,6565b2d0,dodozai11,2026-04-17,22:28:50,-07:00,2026-04-17T22:28:50-07:00,1,33
global.js,71,js,6565b2d0,dodozai11,2026-04-17,22:28:50,-07:00,2026-04-17T22:28:50-07:00,1,44
global.js,72,js,1a819030,dodozai11,2026-04-25,17:34:05,-07:00,2026-04-25T17:34:05-07:00,0,1
global.js,73,js,1a819030,dodozai11,2026-04-25,17:34:05,-07:00,2026-04-25T17:34:05-07:00,0,0
global.js,74,js,1a819030,dodozai11,2026-04-25,17:34:05,-07:00,2026-04-25T17:34:05-07:00,0,36
global.js,75,js,1a819030,dodozai11,2026-04-25,17:34:05,-07:00,2026-04-25T17:34:05-07:00,1,3
global.js,76,js,1a819030,dodozai11,2026-04-25,17:34:05,-07:00,2026-04-25T17:34:05-07:00,2,32
global.js,77,js,1a819030,dodozai11,2026-04-25,17:34:05,-07:00,2026-04-25T17:34:05-07:00,0,0
global.js,78,js,1a819030,dodozai11,2026-04-25,17:34:05,-07:00,2026-04-25T17:34:05-07:00,2,17
global.js,79,js,1a819030,dodozai11,2026-04-25,17:34:05,-07:00,2026-04-25T17:34:05-07:00,3,66
global.js,80,js,1a819030,dodozai11,2026-04-25,17:34:05,-07:00,2026-04-25T17:34:05-07:00,2,0
global.js,81,js,1a819030,dodozai11,2026-04-25,17:34:05,-07:00,2026-04-25T17:34:05-07:00,0,0
global.js,82,js,1a819030,dodozai11,2026-04-25,17:34:05,-07:00,2026-04-25T17:34:05-07:00,2,33
global.js,83,js,1a819030,dodozai11,2026-04-25,17:34:05,-07:00,2026-04-25T17:34:05-07:00,2,10
global.js,84,js,1a819030,dodozai11,2026-04-25,17:34:05,-07:00,2026-04-25T17:34:05-07:00,0,0
global.js,85,js,1a819030,dodozai11,2026-04-25,17:34:05,-07:00,2026-04-25T17:34:05-07:00,1,15
global.js,86,js,1a819030,dodozai11,2026-04-25,17:34:05,-07:00,2026-04-25T17:34:05-07:00,2,59
global.js,87,js,1a819030,dodozai11,2026-04-25,17:34:05,-07:00,2026-04-25T17:34:05-07:00,1,0
global.js,88,js,1a819030,dodozai11,2026-04-25,17:34:05,-07:00,2026-04-25T17:34:05-07:00,0,0
global.js,89,js,1a819030,dodozai11,2026-04-25,17:34:05,-07:00,2026-04-25T17:34:05-07:00,0,0
global.js,90,js,1a819030,dodozai11,2026-04-25,17:34:05,-07:00,2026-04-25T17:34:05-07:00,0,79
global.js,91,js,1a819030,dodozai11,2026-04-25,17:34:05,-07:00,2026-04-25T17:34:05-07:00,1,30
global.js,92,js,1a819030,dodozai11,2026-04-25,17:34:05,-07:00,2026-04-25T17:34:05-07:00,0,0
global.js,93,js,1a819030,dodozai11,2026-04-25,17:34:05,-07:00,2026-04-25T17:34:05-07:00,1,29
global.js,94,js,1a819030,dodozai11,2026-04-25,17:34:05,-07:00,2026-04-25T17:34:05-07:00,2,48
global.js,95,js,1a819030,dodozai11,2026-04-25,17:34:05,-07:00,2026-04-25T17:34:05-07:00,0,0
global.js,96,js,1a819030,dodozai11,2026-04-25,17:34:05,-07:00,2026-04-25T17:34:05-07:00,2,19
global.js,97,js,1a819030,dodozai11,2026-04-25,17:34:05,-07:00,2026-04-25T17:34:05-07:00,3,49
global.js,98,js,1a819030,dodozai11,2026-04-25,17:34:05,-07:00,2026-04-25T17:34:05-07:00,3,49
global.js,99,js,c09eb852,dodozai11,2026-05-01,22:25:54,-07:00,2026-05-01T22:25:54-07:00,3,3
global.js,100,js,1a819030,dodozai11,2026-04-25,17:34:05,-07:00,2026-04-25T17:34:05-07:00,3,27
global.js,101,js,c09eb852,dodozai11,2026-05-01,22:25:54,-07:00,2026-05-01T22:25:54-07:00,3,41
global.js,102,js,c09eb852,dodozai11,2026-05-01,22:25:54,-07:00,2026-05-01T22:25:54-07:00,3,4
global.js,103,js,c09eb852,dodozai11,2026-05-01,22:25:54,-07:00,2026-05-01T22:25:54-07:00,3,0
global.js,104,js,1a819030,dodozai11,2026-04-25,17:34:05,-07:00,2026-04-25T17:34:05-07:00,0,0
global.js,105,js,1a819030,dodozai11,2026-04-25,17:34:05,-07:00,2026-04-25T17:34:05-07:00,2,36
global.js,106,js,1a819030,dodozai11,2026-04-25,17:34:05,-07:00,2026-04-25T17:34:05-07:00,1,0
global.js,107,js,c09eb852,dodozai11,2026-05-01,22:25:54,-07:00,2026-05-01T22:25:54-07:00,1,0
global.js,108,js,1a819030,dodozai11,2026-04-25,17:34:05,-07:00,2026-04-25T17:34:05-07:00,0,0
global.js,109,js,1a819030,dodozai11,2026-04-25,17:34:05,-07:00,2026-04-25T17:34:05-07:00,0,47
global.js,110,js,1a819030,dodozai11,2026-04-25,17:34:05,-07:00,2026-04-25T17:34:05-07:00,1,59
global.js,111,js,1a819030,dodozai11,2026-04-25,17:34:05,-07:00,2026-04-25T17:34:05-07:00,0,0
projects\projects.js,1,js,c09eb852,dodozai11,2026-05-01,22:25:54,-07:00,2026-05-01T22:25:54-07:00,0,63
projects\projects.js,2,js,1a819030,dodozai11,2026-04-25,17:34:05,-07:00,2026-04-25T17:34:05-07:00,0,55
projects\projects.js,3,js,1a819030,dodozai11,2026-04-25,17:34:05,-07:00,2026-04-25T17:34:05-07:00,0,0
projects\projects.js,4,js,1a819030,dodozai11,2026-04-25,17:34:05,-07:00,2026-04-25T17:34:05-07:00,0,55
projects\projects.js,5,js,1a819030,dodozai11,2026-04-25,17:34:05,-07:00,2026-04-25T17:34:05-07:00,0,0
projects\projects.js,6,js,1a819030,dodozai11,2026-04-25,17:34:05,-07:00,2026-04-25T17:34:05-07:00,0,60
projects\projects.js,7,js,1a819030,dodozai11,2026-04-25,17:34:05,-07:00,2026-04-25T17:34:05-07:00,0,0
projects\projects.js,8,js,1a819030,dodozai11,2026-04-25,17:34:05,-07:00,2026-04-25T17:34:05-07:00,0,48
projects\projects.js,9,js,c09eb852,dodozai11,2026-05-01,22:25:54,-07:00,2026-05-01T22:25:54-07:00,0,0
projects\projects.js,10,js,1a819030,dodozai11,2026-04-25,17:34:05,-07:00,2026-04-25T17:34:05-07:00,0,62
projects\projects.js,11,js,c09eb852,dodozai11,2026-05-01,22:25:54,-07:00,2026-05-01T22:25:54-07:00,0,58
projects\projects.js,12,js,c09eb852,dodozai11,2026-05-01,22:25:54,-07:00,2026-05-01T22:25:54-07:00,0,0
projects\projects.js,13,js,c09eb852,dodozai11,2026-05-01,22:25:54,-07:00,2026-05-01T22:25:54-07:00,0,57
projects\projects.js,14,js,c09eb852,dodozai11,2026-05-01,22:25:54,-07:00,2026-05-01T22:25:54-07:00,0,47
projects\projects.js,15,js,c09eb852,dodozai11,2026-05-01,22:25:54,-07:00,2026-05-01T22:25:54-07:00,0,21
projects\projects.js,16,js,c09eb852,dodozai11,2026-05-01,22:25:54,-07:00,2026-05-01T22:25:54-07:00,0,20
projects\projects.js,17,js,c09eb852,dodozai11,2026-05-01,22:25:54,-07:00,2026-05-01T22:25:54-07:00,0,13
projects\projects.js,18,js,c09eb852,dodozai11,2026-05-01,22:25:54,-07:00,2026-05-01T22:25:54-07:00,0,0
projects\projects.js,19,js,c09eb852,dodozai11,2026-05-01,22:25:54,-07:00,2026-05-01T22:25:54-07:00,0,30
projects\projects.js,20,js,c09eb852,dodozai11,2026-05-01,22:25:54,-07:00,2026-05-01T22:25:54-07:00,1,35
projects\projects.js,21,js,c09eb852,dodozai11,2026-05-01,22:25:54,-07:00,2026-05-01T22:25:54-07:00,2,59
projects\projects.js,22,js,c09eb852,dodozai11,2026-05-01,22:25:54,-07:00,2026-05-01T22:25:54-07:00,2,42
projects\projects.js,23,js,c09eb852,dodozai11,2026-05-01,22:25:54,-07:00,2026-05-01T22:25:54-07:00,1,1
projects\projects.js,24,js,c09eb852,dodozai11,2026-05-01,22:25:54,-07:00,2026-05-01T22:25:54-07:00,0,0
projects\projects.js,25,js,c09eb852,dodozai11,2026-05-01,22:25:54,-07:00,2026-05-01T22:25:54-07:00,0,0
projects\projects.js,26,js,c09eb852,dodozai11,2026-05-01,22:25:54,-07:00,2026-05-01T22:25:54-07:00,0,38
projects\projects.js,27,js,c09eb852,dodozai11,2026-05-01,22:25:54,-07:00,2026-05-01T22:25:54-07:00,1,29
projects\projects.js,28,js,c09eb852,dodozai11,2026-05-01,22:25:54,-07:00,2026-05-01T22:25:54-07:00,2,12
projects\projects.js,29,js,c09eb852,dodozai11,2026-05-01,22:25:54,-07:00,2026-05-01T22:25:54-07:00,2,14
projects\projects.js,30,js,c09eb852,dodozai11,2026-05-01,22:25:54,-07:00,2026-05-01T22:25:54-07:00,2,12
projects\projects.js,31,js,c09eb852,dodozai11,2026-05-01,22:25:54,-07:00,2026-05-01T22:25:54-07:00,1,0
projects\projects.js,32,js,c09eb852,dodozai11,2026-05-01,22:25:54,-07:00,2026-05-01T22:25:54-07:00,0,0
projects\projects.js,33,js,c09eb852,dodozai11,2026-05-01,22:25:54,-07:00,2026-05-01T22:25:54-07:00,1,50
projects\projects.js,34,js,c09eb852,dodozai11,2026-05-01,22:25:54,-07:00,2026-05-01T22:25:54-07:00,2,35
projects\projects.js,35,js,c09eb852,dodozai11,2026-05-01,22:25:54,-07:00,2026-05-01T22:25:54-07:00,1,1
projects\projects.js,36,js,c09eb852,dodozai11,2026-05-01,22:25:54,-07:00,2026-05-01T22:25:54-07:00,0,0
projects\projects.js,37,js,c09eb852,dodozai11,2026-05-01,22:25:54,-07:00,2026-05-01T22:25:54-07:00,1,53
projects\projects.js,38,js,c09eb852,dodozai11,2026-05-01,22:25:54,-07:00,2026-05-01T22:25:54-07:00,1,42
projects\projects.js,39,js,c09eb852,dodozai11,2026-05-01,22:25:54,-07:00,2026-05-01T22:25:54-07:00,1,51
projects\projects.js,40,js,c09eb852,dodozai11,2026-05-01,22:25:54,-07:00,2026-05-01T22:25:54-07:00,0,0
projects\projects.js,41,js,c09eb852,dodozai11,2026-05-01,22:25:54,-07:00,2026-05-01T22:25:54-07:00,1,42
projects\projects.js,42,js,c09eb852,dodozai11,2026-05-01,22:25:54,-07:00,2026-05-01T22:25:54-07:00,1,44
projects\projects.js,43,js,c09eb852,dodozai11,2026-05-01,22:25:54,-07:00,2026-05-01T22:25:54-07:00,0,0
projects\projects.js,44,js,c09eb852,dodozai11,2026-05-01,22:25:54,-07:00,2026-05-01T22:25:54-07:00,1,29
projects\projects.js,45,js,c09eb852,dodozai11,2026-05-01,22:25:54,-07:00,2026-05-01T22:25:54-07:00,2,14
projects\projects.js,46,js,c09eb852,dodozai11,2026-05-01,22:25:54,-07:00,2026-05-01T22:25:54-07:00,3,13
projects\projects.js,47,js,c09eb852,dodozai11,2026-05-01,22:25:54,-07:00,2026-05-01T22:25:54-07:00,3,13
projects\projects.js,48,js,c09eb852,dodozai11,2026-05-01,22:25:54,-07:00,2026-05-01T22:25:54-07:00,3,24
projects\projects.js,49,js,c09eb852,dodozai11,2026-05-01,22:25:54,-07:00,2026-05-01T22:25:54-07:00,3,18
projects\projects.js,50,js,c09eb852,dodozai11,2026-05-01,22:25:54,-07:00,2026-05-01T22:25:54-07:00,4,47
projects\projects.js,51,js,c09eb852,dodozai11,2026-05-01,22:25:54,-07:00,2026-05-01T22:25:54-07:00,4,60
projects\projects.js,52,js,c09eb852,dodozai11,2026-05-01,22:25:54,-07:00,2026-05-01T22:25:54-07:00,0,0
projects\projects.js,53,js,c09eb852,dodozai11,2026-05-01,22:25:54,-07:00,2026-05-01T22:25:54-07:00,4,14
projects\projects.js,54,js,c09eb852,dodozai11,2026-05-01,22:25:54,-07:00,2026-05-01T22:25:54-07:00,5,16
projects\projects.js,55,js,c09eb852,dodozai11,2026-05-01,22:25:54,-07:00,2026-05-01T22:25:54-07:00,5,62
projects\projects.js,56,js,c09eb852,dodozai11,2026-05-01,22:25:54,-07:00,2026-05-01T22:25:54-07:00,0,0
projects\projects.js,57,js,c09eb852,dodozai11,2026-05-01,22:25:54,-07:00,2026-05-01T22:25:54-07:00,4,18
projects\projects.js,58,js,c09eb852,dodozai11,2026-05-01,22:25:54,-07:00,2026-05-01T22:25:54-07:00,5,14
projects\projects.js,59,js,c09eb852,dodozai11,2026-05-01,22:25:54,-07:00,2026-05-01T22:25:54-07:00,5,85
projects\projects.js,60,js,c09eb852,dodozai11,2026-05-01,22:25:54,-07:00,2026-05-01T22:25:54-07:00,0,0
projects\projects.js,61,js,c09eb852,dodozai11,2026-05-01,22:25:54,-07:00,2026-05-01T22:25:54-07:00,4,35
projects\projects.js,62,js,c09eb852,dodozai11,2026-05-01,22:25:54,-07:00,2026-05-01T22:25:54-07:00,0,0
projects\projects.js,63,js,c09eb852,dodozai11,2026-05-01,22:25:54,-07:00,2026-05-01T22:25:54-07:00,4,25
projects\projects.js,64,js,c09eb852,dodozai11,2026-05-01,22:25:54,-07:00,2026-05-01T22:25:54-07:00,5,48
projects\projects.js,65,js,c09eb852,dodozai11,2026-05-01,22:25:54,-07:00,2026-05-01T22:25:54-07:00,4,6
projects\projects.js,66,js,c09eb852,dodozai11,2026-05-01,22:25:54,-07:00,2026-05-01T22:25:54-07:00,5,67
projects\projects.js,67,js,c09eb852,dodozai11,2026-05-01,22:25:54,-07:00,2026-05-01T22:25:54-07:00,5,54
projects\projects.js,68,js,c09eb852,dodozai11,2026-05-01,22:25:54,-07:00,2026-05-01T22:25:54-07:00,4,0
projects\projects.js,69,js,c09eb852,dodozai11,2026-05-01,22:25:54,-07:00,2026-05-01T22:25:54-07:00,3,1
projects\projects.js,70,js,c09eb852,dodozai11,2026-05-01,22:25:54,-07:00,2026-05-01T22:25:54-07:00,1,1
projects\projects.js,71,js,c09eb852,dodozai11,2026-05-01,22:25:54,-07:00,2026-05-01T22:25:54-07:00,0,0
projects\projects.js,72,js,c09eb852,dodozai11,2026-05-01,22:25:54,-07:00,2026-05-01T22:25:54-07:00,1,32
projects\projects.js,73,js,c09eb852,dodozai11,2026-05-01,22:25:54,-07:00,2026-05-01T22:25:54-07:00,1,27
projects\projects.js,74,js,c09eb852,dodozai11,2026-05-01,22:25:54,-07:00,2026-05-01T22:25:54-07:00,2,4
projects\projects.js,75,js,c09eb852,dodozai11,2026-05-01,22:25:54,-07:00,2026-05-01T22:25:54-07:00,3,11
projects\projects.js,76,js,c09eb852,dodozai11,2026-05-01,22:25:54,-07:00,2026-05-01T22:25:54-07:00,3,38
projects\projects.js,77,js,c09eb852,dodozai11,2026-05-01,22:25:54,-07:00,2026-05-01T22:25:54-07:00,3,27
projects\projects.js,78,js,c09eb852,dodozai11,2026-05-01,22:25:54,-07:00,2026-05-01T22:25:54-07:00,3,69
projects\projects.js,79,js,c09eb852,dodozai11,2026-05-01,22:25:54,-07:00,2026-05-01T22:25:54-07:00,1,1
projects\projects.js,80,js,c09eb852,dodozai11,2026-05-01,22:25:54,-07:00,2026-05-01T22:25:54-07:00,0,0
projects\projects.js,81,js,c09eb852,dodozai11,2026-05-01,22:25:54,-07:00,2026-05-01T22:25:54-07:00,0,0
projects\projects.js,82,js,c09eb852,dodozai11,2026-05-01,22:25:54,-07:00,2026-05-01T22:25:54-07:00,0,23
projects\projects.js,83,js,c09eb852,dodozai11,2026-05-01,22:25:54,-07:00,2026-05-01T22:25:54-07:00,0,0
projects\projects.js,84,js,c09eb852,dodozai11,2026-05-01,22:25:54,-07:00,2026-05-01T22:25:54-07:00,0,53
projects\projects.js,85,js,c09eb852,dodozai11,2026-05-01,22:25:54,-07:00,2026-05-01T22:25:54-07:00,0,0
projects\projects.js,86,js,c09eb852,dodozai11,2026-05-01,22:25:54,-07:00,2026-05-01T22:25:54-07:00,0,48
projects\projects.js,87,js,c09eb852,dodozai11,2026-05-01,22:25:54,-07:00,2026-05-01T22:25:54-07:00,1,25
projects\projects.js,88,js,c09eb852,dodozai11,2026-05-01,22:25:54,-07:00,2026-05-01T22:25:54-07:00,1,35
projects\projects.js,89,js,c09eb852,dodozai11,2026-05-01,22:25:54,-07:00,2026-05-01T22:25:54-07:00,1,23
projects\projects.js,90,js,c09eb852,dodozai11,2026-05-01,22:25:54,-07:00,2026-05-01T22:25:54-07:00,0,0
projects\projects.js,91,js,c09eb852,dodozai11,2026-05-01,22:25:54,-07:00,2026-05-01T22:25:54-07:00,1,25
projects\projects.js,92,js,c09eb852,dodozai11,2026-05-01,22:25:54,-07:00,2026-05-01T22:25:54-07:00,2,48
projects\projects.js,93,js,c09eb852,dodozai11,2026-05-01,22:25:54,-07:00,2026-05-01T22:25:54-07:00,1,6
projects\projects.js,94,js,c09eb852,dodozai11,2026-05-01,22:25:54,-07:00,2026-05-01T22:25:54-07:00,2,67
projects\projects.js,95,js,c09eb852,dodozai11,2026-05-01,22:25:54,-07:00,2026-05-01T22:25:54-07:00,2,54
projects\projects.js,96,js,c09eb852,dodozai11,2026-05-01,22:25:54,-07:00,2026-05-01T22:25:54-07:00,1,0
projects\projects.js,97,js,c09eb852,dodozai11,2026-05-01,22:25:54,-07:00,2026-05-01T22:25:54-07:00,0,1
projects\index.html,1,html,b7117a09,dodozai11,2026-04-03,21:03:52,-07:00,2026-04-03T21:03:52-07:00,0,13
projects\index.html,2,html,b7117a09,dodozai11,2026-04-03,21:03:52,-07:00,2026-04-03T21:03:52-07:00,0,14
projects\index.html,3,html,b7117a09,dodozai11,2026-04-03,21:03:52,-07:00,2026-04-03T21:03:52-07:00,0,4
projects\index.html,4,html,6565b2d0,dodozai11,2026-04-17,22:28:50,-07:00,2026-04-17T22:28:50-07:00,2,48
projects\index.html,5,html,1a819030,dodozai11,2026-04-25,17:34:05,-07:00,2026-04-25T17:34:05-07:00,2,47
projects\index.html,6,html,b7117a09,dodozai11,2026-04-03,21:03:52,-07:00,2026-04-03T21:03:52-07:00,2,20
projects\index.html,7,html,b7117a09,dodozai11,2026-04-03,21:03:52,-07:00,2026-04-03T21:03:52-07:00,2,68
projects\index.html,8,html,b7117a09,dodozai11,2026-04-03,21:03:52,-07:00,2026-04-03T21:03:52-07:00,2,31
projects\index.html,9,html,b7117a09,dodozai11,2026-04-03,21:03:52,-07:00,2026-04-03T21:03:52-07:00,2,41
projects\index.html,10,html,b7117a09,dodozai11,2026-04-03,21:03:52,-07:00,2026-04-03T21:03:52-07:00,0,5
projects\index.html,11,html,b7117a09,dodozai11,2026-04-03,21:03:52,-07:00,2026-04-03T21:03:52-07:00,0,4
projects\index.html,12,html,1a819030,dodozai11,2026-04-25,17:34:05,-07:00,2026-04-25T17:34:05-07:00,2,38
projects\index.html,13,html,c09eb852,dodozai11,2026-05-01,22:25:54,-07:00,2026-05-01T22:25:54-07:00,0,0
projects\index.html,14,html,c09eb852,dodozai11,2026-05-01,22:25:54,-07:00,2026-05-01T22:25:54-07:00,2,21
projects\index.html,15,html,c09eb852,dodozai11,2026-05-01,22:25:54,-07:00,2026-05-01T22:25:54-07:00,4,58
projects\index.html,16,html,c09eb852,dodozai11,2026-05-01,22:25:54,-07:00,2026-05-01T22:25:54-07:00,4,22
projects\index.html,17,html,c09eb852,dodozai11,2026-05-01,22:25:54,-07:00,2026-05-01T22:25:54-07:00,2,4
projects\index.html,18,html,c09eb852,dodozai11,2026-05-01,22:25:54,-07:00,2026-05-01T22:25:54-07:00,0,0
projects\index.html,19,html,c09eb852,dodozai11,2026-05-01,22:25:54,-07:00,2026-05-01T22:25:54-07:00,2,4
projects\index.html,20,html,c09eb852,dodozai11,2026-05-01,22:25:54,-07:00,2026-05-01T22:25:54-07:00,4,15
projects\index.html,21,html,c09eb852,dodozai11,2026-05-01,22:25:54,-07:00,2026-05-01T22:25:54-07:00,4,11
projects\index.html,22,html,c09eb852,dodozai11,2026-05-01,22:25:54,-07:00,2026-05-01T22:25:54-07:00,4,26
projects\index.html,23,html,c09eb852,dodozai11,2026-05-01,22:25:54,-07:00,2026-05-01T22:25:54-07:00,4,31
projects\index.html,24,html,c09eb852,dodozai11,2026-05-01,22:25:54,-07:00,2026-05-01T22:25:54-07:00,2,0
projects\index.html,25,html,c09eb852,dodozai11,2026-05-01,22:25:54,-07:00,2026-05-01T22:25:54-07:00,0,0
projects\index.html,26,html,bbf958bf,dodozai11,2026-04-10,21:28:15,-07:00,2026-04-10T21:28:15-07:00,2,20
projects\index.html,27,html,bbf958bf,dodozai11,2026-04-10,21:28:15,-07:00,2026-04-10T21:28:15-07:00,2,4
projects\index.html,28,html,b7117a09,dodozai11,2026-04-03,21:03:52,-07:00,2026-04-03T21:03:52-07:00,0,5
projects\index.html,29,html,b7117a09,dodozai11,2026-04-03,21:03:52,-07:00,2026-04-03T21:03:52-07:00,0,5
cv\index.html,1,html,671e2d42,dodozai11,2026-04-03,22:04:04,-07:00,2026-04-03T22:04:04-07:00,0,13
cv\index.html,2,html,671e2d42,dodozai11,2026-04-03,22:04:04,-07:00,2026-04-03T22:04:04-07:00,0,14
cv\index.html,3,html,671e2d42,dodozai11,2026-04-03,22:04:04,-07:00,2026-04-03T22:04:04-07:00,0,4
cv\index.html,4,html,6565b2d0,dodozai11,2026-04-17,22:28:50,-07:00,2026-04-17T22:28:50-07:00,2,48
cv\index.html,5,html,671e2d42,dodozai11,2026-04-03,22:04:04,-07:00,2026-04-03T22:04:04-07:00,2,20
cv\index.html,6,html,671e2d42,dodozai11,2026-04-03,22:04:04,-07:00,2026-04-03T22:04:04-07:00,2,68
cv\index.html,7,html,671e2d42,dodozai11,2026-04-03,22:04:04,-07:00,2026-04-03T22:04:04-07:00,2,25
cv\index.html,8,html,671e2d42,dodozai11,2026-04-03,22:04:04,-07:00,2026-04-03T22:04:04-07:00,2,41
cv\index.html,9,html,671e2d42,dodozai11,2026-04-03,22:04:04,-07:00,2026-04-03T22:04:04-07:00,0,5
cv\index.html,10,html,671e2d42,dodozai11,2026-04-03,22:04:04,-07:00,2026-04-03T22:04:04-07:00,0,4
cv\index.html,11,html,6565b2d0,dodozai11,2026-04-17,22:28:50,-07:00,2026-04-17T22:28:50-07:00,0,0
cv\index.html,12,html,671e2d42,dodozai11,2026-04-03,22:04:04,-07:00,2026-04-03T22:04:04-07:00,0,0
cv\index.html,13,html,a12b1590,dodozai11,2026-04-03,22:14:15,-07:00,2026-04-03T22:14:15-07:00,2,17
cv\index.html,14,html,671e2d42,dodozai11,2026-04-03,22:04:04,-07:00,2026-04-03T22:04:04-07:00,0,0
cv\index.html,15,html,671e2d42,dodozai11,2026-04-03,22:04:04,-07:00,2026-04-03T22:04:04-07:00,2,7
cv\index.html,16,html,671e2d42,dodozai11,2026-04-03,22:04:04,-07:00,2026-04-03T22:04:04-07:00,4,16
cv\index.html,17,html,671e2d42,dodozai11,2026-04-03,22:04:04,-07:00,2026-04-03T22:04:04-07:00,0,0
cv\index.html,18,html,671e2d42,dodozai11,2026-04-03,22:04:04,-07:00,2026-04-03T22:04:04-07:00,4,7
cv\index.html,19,html,671e2d42,dodozai11,2026-04-03,22:04:04,-07:00,2026-04-03T22:04:04-07:00,6,6
cv\index.html,20,html,671e2d42,dodozai11,2026-04-03,22:04:04,-07:00,2026-04-03T22:04:04-07:00,8,42
cv\index.html,21,html,671e2d42,dodozai11,2026-04-03,22:04:04,-07:00,2026-04-03T22:04:04-07:00,8,22
cv\index.html,22,html,671e2d42,dodozai11,2026-04-03,22:04:04,-07:00,2026-04-03T22:04:04-07:00,6,7
cv\index.html,23,html,a2539c35,dodozai11,2026-04-03,22:16:58,-07:00,2026-04-03T22:16:58-07:00,6,95
cv\index.html,24,html,671e2d42,dodozai11,2026-04-03,22:04:04,-07:00,2026-04-03T22:04:04-07:00,6,103
cv\index.html,25,html,671e2d42,dodozai11,2026-04-03,22:04:04,-07:00,2026-04-03T22:04:04-07:00,4,8
cv\index.html,26,html,671e2d42,dodozai11,2026-04-03,22:04:04,-07:00,2026-04-03T22:04:04-07:00,2,8
cv\index.html,27,html,671e2d42,dodozai11,2026-04-03,22:04:04,-07:00,2026-04-03T22:04:04-07:00,0,0
cv\index.html,28,html,671e2d42,dodozai11,2026-04-03,22:04:04,-07:00,2026-04-03T22:04:04-07:00,2,7
cv\index.html,29,html,671e2d42,dodozai11,2026-04-03,22:04:04,-07:00,2026-04-03T22:04:04-07:00,4,22
cv\index.html,30,html,671e2d42,dodozai11,2026-04-03,22:04:04,-07:00,2026-04-03T22:04:04-07:00,0,0
cv\index.html,31,html,671e2d42,dodozai11,2026-04-03,22:04:04,-07:00,2026-04-03T22:04:04-07:00,4,7
cv\index.html,32,html,671e2d42,dodozai11,2026-04-03,22:04:04,-07:00,2026-04-03T22:04:04-07:00,6,6
cv\index.html,33,html,0260c47f,dodozai11,2026-04-03,22:11:50,-07:00,2026-04-03T22:11:50-07:00,8,26
cv\index.html,34,html,0260c47f,dodozai11,2026-04-03,22:11:50,-07:00,2026-04-03T22:11:50-07:00,8,39
cv\index.html,35,html,671e2d42,dodozai11,2026-04-03,22:04:04,-07:00,2026-04-03T22:04:04-07:00,6,7
cv\index.html,36,html,a12b1590,dodozai11,2026-04-03,22:14:15,-07:00,2026-04-03T22:14:15-07:00,6,95
cv\index.html,37,html,671e2d42,dodozai11,2026-04-03,22:04:04,-07:00,2026-04-03T22:04:04-07:00,6,2
cv\index.html,38,html,671e2d42,dodozai11,2026-04-03,22:04:04,-07:00,2026-04-03T22:04:04-07:00,8,63
cv\index.html,39,html,671e2d42,dodozai11,2026-04-03,22:04:04,-07:00,2026-04-03T22:04:04-07:00,8,58
cv\index.html,40,html,671e2d42,dodozai11,2026-04-03,22:04:04,-07:00,2026-04-03T22:04:04-07:00,8,69
cv\index.html,41,html,671e2d42,dodozai11,2026-04-03,22:04:04,-07:00,2026-04-03T22:04:04-07:00,6,3
cv\index.html,42,html,671e2d42,dodozai11,2026-04-03,22:04:04,-07:00,2026-04-03T22:04:04-07:00,4,8
cv\index.html,43,html,671e2d42,dodozai11,2026-04-03,22:04:04,-07:00,2026-04-03T22:04:04-07:00,2,8
cv\index.html,44,html,671e2d42,dodozai11,2026-04-03,22:04:04,-07:00,2026-04-03T22:04:04-07:00,0,0
cv\index.html,45,html,671e2d42,dodozai11,2026-04-03,22:04:04,-07:00,2026-04-03T22:04:04-07:00,2,7
cv\index.html,46,html,671e2d42,dodozai11,2026-04-03,22:04:04,-07:00,2026-04-03T22:04:04-07:00,4,13
cv\index.html,47,html,671e2d42,dodozai11,2026-04-03,22:04:04,-07:00,2026-04-03T22:04:04-07:00,4,2
cv\index.html,48,html,671e2d42,dodozai11,2026-04-03,22:04:04,-07:00,2026-04-03T22:04:04-07:00,6,21
cv\index.html,49,html,671e2d42,dodozai11,2026-04-03,22:04:04,-07:00,2026-04-03T22:04:04-07:00,6,45
cv\index.html,50,html,671e2d42,dodozai11,2026-04-03,22:04:04,-07:00,2026-04-03T22:04:04-07:00,6,50
cv\index.html,51,html,671e2d42,dodozai11,2026-04-03,22:04:04,-07:00,2026-04-03T22:04:04-07:00,6,28
cv\index.html,52,html,671e2d42,dodozai11,2026-04-03,22:04:04,-07:00,2026-04-03T22:04:04-07:00,4,3
cv\index.html,53,html,671e2d42,dodozai11,2026-04-03,22:04:04,-07:00,2026-04-03T22:04:04-07:00,2,8
cv\index.html,54,html,671e2d42,dodozai11,2026-04-03,22:04:04,-07:00,2026-04-03T22:04:04-07:00,0,0
cv\index.html,55,html,671e2d42,dodozai11,2026-04-03,22:04:04,-07:00,2026-04-03T22:04:04-07:00,2,7
cv\index.html,56,html,671e2d42,dodozai11,2026-04-03,22:04:04,-07:00,2026-04-03T22:04:04-07:00,4,15
cv\index.html,57,html,671e2d42,dodozai11,2026-04-03,22:04:04,-07:00,2026-04-03T22:04:04-07:00,0,0
cv\index.html,58,html,671e2d42,dodozai11,2026-04-03,22:04:04,-07:00,2026-04-03T22:04:04-07:00,4,7
cv\index.html,59,html,0260c47f,dodozai11,2026-04-03,22:11:50,-07:00,2026-04-03T22:11:50-07:00,6,33
cv\index.html,60,html,0260c47f,dodozai11,2026-04-03,22:11:50,-07:00,2026-04-03T22:11:50-07:00,6,38
cv\index.html,61,html,0260c47f,dodozai11,2026-04-03,22:11:50,-07:00,2026-04-03T22:11:50-07:00,6,84
cv\index.html,62,html,671e2d42,dodozai11,2026-04-03,22:04:04,-07:00,2026-04-03T22:04:04-07:00,6,48
cv\index.html,63,html,671e2d42,dodozai11,2026-04-03,22:04:04,-07:00,2026-04-03T22:04:04-07:00,4,8
cv\index.html,64,html,671e2d42,dodozai11,2026-04-03,22:04:04,-07:00,2026-04-03T22:04:04-07:00,2,8
cv\index.html,65,html,671e2d42,dodozai11,2026-04-03,22:04:04,-07:00,2026-04-03T22:04:04-07:00,0,0
cv\index.html,66,html,671e2d42,dodozai11,2026-04-03,22:04:04,-07:00,2026-04-03T22:04:04-07:00,2,7
cv\index.html,67,html,671e2d42,dodozai11,2026-04-03,22:04:04,-07:00,2026-04-03T22:04:04-07:00,4,14
cv\index.html,68,html,671e2d42,dodozai11,2026-04-03,22:04:04,-07:00,2026-04-03T22:04:04-07:00,4,2
cv\index.html,69,html,671e2d42,dodozai11,2026-04-03,22:04:04,-07:00,2026-04-03T22:04:04-07:00,6,62
cv\index.html,70,html,671e2d42,dodozai11,2026-04-03,22:04:04,-07:00,2026-04-03T22:04:04-07:00,6,94
cv\index.html,71,html,671e2d42,dodozai11,2026-04-03,22:04:04,-07:00,2026-04-03T22:04:04-07:00,4,3
cv\index.html,72,html,671e2d42,dodozai11,2026-04-03,22:04:04,-07:00,2026-04-03T22:04:04-07:00,2,8
cv\index.html,73,html,671e2d42,dodozai11,2026-04-03,22:04:04,-07:00,2026-04-03T22:04:04-07:00,0,0
cv\index.html,74,html,671e2d42,dodozai11,2026-04-03,22:04:04,-07:00,2026-04-03T22:04:04-07:00,0,5
cv\index.html,75,html,671e2d42,dodozai11,2026-04-03,22:04:04,-07:00,2026-04-03T22:04:04-07:00,0,5
contact\index.html,1,html,b7117a09,dodozai11,2026-04-03,21:03:52,-07:00,2026-04-03T21:03:52-07:00,0,13
contact\index.html,2,html,b7117a09,dodozai11,2026-04-03,21:03:52,-07:00,2026-04-03T21:03:52-07:00,0,14
contact\index.html,3,html,b7117a09,dodozai11,2026-04-03,21:03:52,-07:00,2026-04-03T21:03:52-07:00,0,4
contact\index.html,4,html,6565b2d0,dodozai11,2026-04-17,22:28:50,-07:00,2026-04-17T22:28:50-07:00,2,48
contact\index.html,5,html,b7117a09,dodozai11,2026-04-03,21:03:52,-07:00,2026-04-03T21:03:52-07:00,2,20
contact\index.html,6,html,b7117a09,dodozai11,2026-04-03,21:03:52,-07:00,2026-04-03T21:03:52-07:00,2,68
contact\index.html,7,html,b7117a09,dodozai11,2026-04-03,21:03:52,-07:00,2026-04-03T21:03:52-07:00,2,30
contact\index.html,8,html,b7117a09,dodozai11,2026-04-03,21:03:52,-07:00,2026-04-03T21:03:52-07:00,2,41
contact\index.html,9,html,b7117a09,dodozai11,2026-04-03,21:03:52,-07:00,2026-04-03T21:03:52-07:00,0,5
contact\index.html,10,html,b7117a09,dodozai11,2026-04-03,21:03:52,-07:00,2026-04-03T21:03:52-07:00,0,4
contact\index.html,11,html,9f76d0fd,dodozai11,2026-04-03,21:53:04,-07:00,2026-04-03T21:53:04-07:00,0,0
contact\index.html,12,html,b7117a09,dodozai11,2026-04-03,21:03:52,-07:00,2026-04-03T21:03:52-07:00,2,14
contact\index.html,13,html,b7117a09,dodozai11,2026-04-03,21:03:52,-07:00,2026-04-03T21:03:52-07:00,2,30
contact\index.html,14,html,a7fad064,dodozai11,2026-04-03,21:37:48,-07:00,2026-04-03T21:37:48-07:00,0,0
contact\index.html,15,html,a7fad064,dodozai11,2026-04-03,21:37:48,-07:00,2026-04-03T21:37:48-07:00,2,69
contact\index.html,16,html,a7fad064,dodozai11,2026-04-03,21:37:48,-07:00,2026-04-03T21:37:48-07:00,4,5
contact\index.html,17,html,a7fad064,dodozai11,2026-04-03,21:37:48,-07:00,2026-04-03T21:37:48-07:00,6,3
contact\index.html,18,html,a7fad064,dodozai11,2026-04-03,21:37:48,-07:00,2026-04-03T21:37:48-07:00,6,31
contact\index.html,19,html,a7fad064,dodozai11,2026-04-03,21:37:48,-07:00,2026-04-03T21:37:48-07:00,4,6
contact\index.html,20,html,a7fad064,dodozai11,2026-04-03,21:37:48,-07:00,2026-04-03T21:37:48-07:00,0,0
contact\index.html,21,html,a7fad064,dodozai11,2026-04-03,21:37:48,-07:00,2026-04-03T21:37:48-07:00,4,5
contact\index.html,22,html,a7fad064,dodozai11,2026-04-03,21:37:48,-07:00,2026-04-03T21:37:48-07:00,6,5
contact\index.html,23,html,a7fad064,dodozai11,2026-04-03,21:37:48,-07:00,2026-04-03T21:37:48-07:00,6,20
contact\index.html,24,html,a7fad064,dodozai11,2026-04-03,21:37:48,-07:00,2026-04-03T21:37:48-07:00,4,6
contact\index.html,25,html,a7fad064,dodozai11,2026-04-03,21:37:48,-07:00,2026-04-03T21:37:48-07:00,0,0
contact\index.html,26,html,a7fad064,dodozai11,2026-04-03,21:37:48,-07:00,2026-04-03T21:37:48-07:00,4,5
contact\index.html,27,html,6a976d6a,dodozai11,2026-04-03,21:43:59,-07:00,2026-04-03T21:43:59-07:00,6,2
contact\index.html,28,html,a7fad064,dodozai11,2026-04-03,21:37:48,-07:00,2026-04-03T21:37:48-07:00,6,31
contact\index.html,29,html,a7fad064,dodozai11,2026-04-03,21:37:48,-07:00,2026-04-03T21:37:48-07:00,4,6
contact\index.html,30,html,a7fad064,dodozai11,2026-04-03,21:37:48,-07:00,2026-04-03T21:37:48-07:00,0,0
contact\index.html,31,html,671e2d42,dodozai11,2026-04-03,22:04:04,-07:00,2026-04-03T22:04:04-07:00,4,21
contact\index.html,32,html,a7fad064,dodozai11,2026-04-03,21:37:48,-07:00,2026-04-03T21:37:48-07:00,2,5
contact\index.html,33,html,b7117a09,dodozai11,2026-04-03,21:03:52,-07:00,2026-04-03T21:03:52-07:00,0,5
contact\index.html,34,html,b7117a09,dodozai11,2026-04-03,21:03:52,-07:00,2026-04-03T21:03:52-07:00,0,5
